<?xml version="1.0" encoding="UTF-8"?>
<!DOCTYPE configuration SYSTEM "machines.dtd">
<configuration>

<!-- ====================================================================== -->
	<system>
		<resending_period value="10"/>
		<number_vehicles value="3"/>
		<safe_distance value="7"/>
		<battery_limit value="300"/>
		<policy value="1"/>
		<obstacle_occurences value="1"/>
		<obstacle_number value="1"/>
		<obstacle_max_time value="1"/>
		<obstacle_max_duration value="1"/>
		<max_attempts value="6"/>
	</system>

	<machines>

		<machine id="0" type="hauler" leavingTime="10" fuelCapacity="1500" fuelConsumption="1" speed="6" emission="6" capacity="100" unloadTime="0.1">
			<tasks>2,3,2,3,0</tasks>
		</machine>

		<machine id="1" type="hauler" leavingTime="15" fuelCapacity="1500" fuelConsumption="1" speed="6" emission="6" capacity="100" unloadTime="0.1">
			<tasks>3,2,3,2,0</tasks>
		</machine>

		<machine id="2" type="hauler" leavingTime="20" fuelCapacity="1500" fuelConsumption="1" speed="6" emission="6" capacity="100" unloadTime="0.1">
			<tasks>2,3,2,3,0</tasks>
		</machine>

	</machines>

</configuration>

