<?xml version="1.0" encoding="UTF-8"?>
<!DOCTYPE environment SYSTEM "environment.dtd">
<environment>

<!-- ====================================================================== -->

	<segments>
		<!--############### ROW 0 ################ -->
		<segment id="seg___0_0" N="null" NE="null" E="seg___0_1" ES="seg___1_1" S="seg___1_0" SW="null"      W="null"      WN="null" directions="" available="false" x="0" y="0" capacity="0" length="200" freespeed="7"/>
		<segment id="seg___0_1" N="null" NE="null" E="seg___0_2" ES="seg___1_2" S="seg___1_1" SW="seg___1_0" W="seg___0_0" WN="null" directions="" available="false" x="0" y="1" capacity="0" length="200" freespeed="7"/>
		<segment id="seg___0_2" N="null" NE="null" E="seg___0_3" ES="seg___1_3" S="seg___1_2" SW="seg___1_1" W="seg___0_1" WN="null" directions="" available="false" x="0" y="2" capacity="0" length="200" freespeed="7"/>
		<segment id="seg___0_3" N="null" NE="null" E="seg___0_4" ES="seg___1_4" S="seg___1_3" SW="seg___1_2" W="seg___0_2" WN="null" directions="" available="false" x="0" y="3" capacity="0" length="200" freespeed="7"/>
		<segment id="seg___0_4" N="null" NE="null" E="seg___0_5" ES="seg___1_5" S="seg___1_4" SW="seg___1_3" W="seg___0_3" WN="null" directions="" available="false" x="0" y="4" capacity="0" length="200" freespeed="7"/>
		<segment id="seg___0_5" N="null" NE="null" E="null" 	 ES="null" 		S="seg___1_5" SW="seg___1_4" W="seg___0_4" WN="null" directions="" available="false" x="0" y="5" capacity="0" length="200" freespeed="7"/>

	  <!--############### ROW 1 ################ -->
		<segment id="seg___1_0" N="seg___0_0"  NE="seg___0_1"   E="seg___1_1" ES="seg___2_1" S="seg___2_0" SW="null"      W="null"      WN="null"      directions="" 	available="false" x="1" y="0" capacity="0" length="200" freespeed="7"/>
		<segment id="seg___1_1" N="seg___0_1"  NE="seg___0_2"   E="seg___1_2" ES="seg___2_2" S="seg___2_1" SW="seg___2_0" W="seg___1_0" WN="seg___0_0" directions="E,S" available="true" x="1" y="1" capacity="1" length="200" freespeed="7"/>
		<segment id="seg___1_2" N="seg___0_2"  NE="seg___0_3"   E="seg___1_3" ES="seg___2_3" S="seg___2_2" SW="seg___2_1" W="seg___1_1" WN="seg___0_1" directions="E,W" available="true" x="1" y="2" capacity="1" length="200" freespeed="7"/>
		<segment id="seg___1_3" N="seg___0_3"  NE="seg___0_4"   E="seg___1_4" ES="seg___2_4" S="seg___2_3" SW="seg___2_2" W="seg___1_2" WN="seg___0_2" directions="E,W" available="true" x="1" y="3" capacity="1" length="200" freespeed="7"/>
		<segment id="seg___1_4" N="seg___0_4"  NE="seg___0_5"   E="seg___1_5" ES="seg___2_5" S="seg___2_4" SW="seg___2_3" W="seg___1_3" WN="seg___0_3" directions="W,S" available="true" x="1" y="4" capacity="1" length="200" freespeed="7"/>
		<segment id="seg___1_5" N="seg___0_5"  NE="null"   		E="null" 	  ES="null" 	 S="seg___2_5" SW="seg___2_4" W="seg___1_4" WN="seg___0_4" directions="" 	available="false" x="1" y="5" capacity="0" length="200" freespeed="7"/>

	  <!--############### ROW 2 ################ -->
		<segment id="seg___2_0" N="seg___1_0"  NE="seg___1_1"   E="seg___2_1" ES="seg___3_1" S="seg___3_0" SW="null"      W="null"      WN="null"      directions="" 	available="false" x="2" y="0" capacity="0" length="200" freespeed="7"/>
		<segment id="seg___2_1" N="seg___1_1"  NE="seg___1_2"   E="seg___2_2" ES="seg___3_2" S="seg___3_1" SW="seg___3_0" W="seg___2_0" WN="seg___1_0" directions="N,S" available="true" x="2" y="1" capacity="1" length="200" freespeed="7"/>
		<segment id="seg___2_2" N="seg___1_2"  NE="seg___1_3"   E="seg___2_3" ES="seg___3_3" S="seg___3_2" SW="seg___3_1" W="seg___2_1" WN="seg___1_1" directions="" 	available="false" x="2" y="2" capacity="0" length="200" freespeed="7"/>
		<segment id="seg___2_3" N="seg___1_3"  NE="seg___1_4"   E="seg___2_4" ES="seg___3_4" S="seg___3_3" SW="seg___3_2" W="seg___2_2" WN="seg___1_2" directions="" 	available="false" x="2" y="3" capacity="0" length="200" freespeed="7"/>
		<segment id="seg___2_4" N="seg___1_4"  NE="seg___1_5"   E="seg___2_5" ES="seg___3_5" S="seg___3_4" SW="seg___3_3" W="seg___2_3" WN="seg___1_3" directions="N,S" available="true" x="2" y="4" capacity="1" length="200" freespeed="7"/>
		<segment id="seg___2_5" N="seg___1_5"  NE="null"   		E="null" 	  ES="null" 	 S="seg___3_5" SW="seg___3_4" W="seg___2_4" WN="seg___1_4" directions="" 	available="false" x="2" y="5" capacity="0" length="200" freespeed="7"/>

	  <!--############### ROW 3 ################ -->
		<segment id="seg___3_0" N="seg___2_0" NE="seg___2_1"   E="seg___3_1" ES="seg___4_1" S="seg___4_0" SW="null"      W="null"      WN="null"      directions="" 	available="false" x="3" y="0" capacity="0" length="200" freespeed="7"/>
		<segment id="seg___3_1" N="seg___2_1" NE="seg___2_2"   E="seg___3_2" ES="seg___4_2" S="seg___4_1" SW="seg___4_0" W="seg___3_0" WN="seg___2_0" directions="N,S" 	available="true" x="3" y="1" capacity="1" length="200" freespeed="7"/>
		<segment id="seg___3_2" N="seg___2_2" NE="seg___2_3"   E="seg___3_3" ES="seg___4_3" S="seg___4_2" SW="seg___4_1" W="seg___3_1" WN="seg___2_1" directions="" 	available="false" x="3" y="2" capacity="0" length="200" freespeed="7"/>
		<segment id="seg___3_3" N="seg___2_3" NE="seg___2_4"   E="seg___3_4" ES="seg___4_4" S="seg___4_3" SW="seg___4_2" W="seg___3_2" WN="seg___2_2" directions="" 	available="false" x="3" y="3" capacity="0" length="200" freespeed="7"/>
		<segment id="seg___3_4" N="seg___2_4" NE="seg___2_5"   E="seg___3_5" ES="seg___4_5" S="seg___4_4" SW="seg___4_3" W="seg___3_3" WN="seg___2_3" directions="N,S" 	available="true" x="3" y="4" capacity="1" length="200" freespeed="7"/>
		<segment id="seg___3_5" N="seg___2_5" NE="null"   	   E="null" 	 ES="null" 		S="seg___4_5" SW="seg___4_4" W="seg___3_4" WN="seg___2_4" directions="" 	available="false" x="3" y="5" capacity="0" length="200" freespeed="7"/>

	  <!--############### ROW 4 ################ -->
		<segment id="seg___4_0" N="seg___3_0"  NE="seg___3_1"   E="seg___4_1" ES="seg___5_1" S="seg___5_0" SW="null"      W="null"      WN="null"      directions="" 	available="false" x="4" y="0" capacity="0" length="200" freespeed="7"/>
		<segment id="seg___4_1" N="seg___3_1"  NE="seg___3_2"   E="seg___4_2" ES="seg___5_2" S="seg___5_1" SW="seg___5_0" W="seg___4_0" WN="seg___3_0" directions="N,E" available="true" x="4" y="1" capacity="3" length="200" freespeed="7"/>
		<segment id="seg___4_2" N="seg___3_2"  NE="seg___3_3"   E="seg___4_3" ES="seg___5_3" S="seg___5_2" SW="seg___5_1" W="seg___4_1" WN="seg___3_1" directions="E,W" available="true" x="4" y="2" capacity="1" length="200" freespeed="7"/>
		<segment id="seg___4_3" N="seg___3_3"  NE="seg___3_4"   E="seg___4_4" ES="seg___5_4" S="seg___5_3" SW="seg___5_2" W="seg___4_2" WN="seg___3_2" directions="E,W" available="true" x="4" y="3" capacity="1" length="200" freespeed="7"/>
		<segment id="seg___4_4" N="seg___3_4"  NE="seg___3_5"   E="seg___4_5" ES="seg___5_5" S="seg___5_4" SW="seg___5_3" W="seg___4_3" WN="seg___3_3" directions="W,N" available="true" x="4" y="4" capacity="1" length="200" freespeed="7"/>
		<segment id="seg___4_5" N="seg___3_5"  NE="null"   		E="null" 	  ES="null" 	 S="seg___5_5" SW="seg___5_4" W="seg___4_4" WN="seg___3_4" directions="" 	available="false" x="4" y="5" capacity="0" length="200" freespeed="7"/>

	  <!--############### ROW 5 ################ -->
		<segment id="seg___5_0" N="seg___4_0"  NE="seg___4_1"   E="seg___5_1" ES="null" S="null" SW="null" W="null"      WN="null" 		directions="" available="false" x="5" y="0" capacity="0" length="200" freespeed="7"/>
		<segment id="seg___5_1" N="seg___4_1"  NE="seg___4_2"   E="seg___5_2" ES="null" S="null" SW="null" W="seg___5_0" WN="seg___4_0" directions="" available="false" x="5" y="1" capacity="0" length="200" freespeed="7"/>
		<segment id="seg___5_2" N="seg___4_2"  NE="seg___4_3"   E="seg___5_3" ES="null" S="null" SW="null" W="seg___5_1" WN="seg___4_1" directions="" available="false" x="5" y="2" capacity="0" length="200" freespeed="7"/>
		<segment id="seg___5_3" N="seg___4_3"  NE="seg___4_4"   E="seg___5_4" ES="null" S="null" SW="null" W="seg___5_2" WN="seg___4_2" directions="" available="false" x="5" y="3" capacity="0" length="200" freespeed="7"/>
		<segment id="seg___5_4" N="seg___4_4"  NE="seg___4_5"   E="seg___5_5" ES="null" S="null" SW="null" W="seg___5_3" WN="seg___4_3" directions="" available="false" x="5" y="4" capacity="0" length="200" freespeed="7"/>
		<segment id="seg___5_5" N="seg___4_5"  NE="null"   		E="null" 	  ES="null" S="null" SW="null" W="seg___5_4" WN="seg___4_4" directions="" available="false" x="5" y="5" capacity="0" length="200" freespeed="7"/>
	</segments>

</environment>