<?xml version="1.0" encoding="UTF-8"?>
<!DOCTYPE topology SYSTEM "topology.dtd">
<topology>

<!-- ====================================================================== -->

	<POIs>
		<poi id="0" x="4" y="1" type="ParkingStation"/>
		<poi id="1" x="1" y="4" type="ChargingStation" chargingTime="0.1"/>
		<poi id="2" x="1" y="1" type="LoadUnloadingPoint" loadTime="0.5"/>
		<poi id="3" x="4" y="4" type="LoadUnloadingPoint" loadTime="0.5"/>
	</POIs>
<!--	<routes>-->
<!--		<route origin="0" destination="2" path="seg___8_7,seg___7_8,seg___6_8"/>-->
<!--		<route origin="0" destination="3" path="seg___8_7,seg___7_8,seg___6_7,seg___6_5,seg___6_4,seg___5_3,seg___4_3,seg___3_4,seg___3_5,seg___3_6,seg___3_7,seg___2_8"/>-->
<!--		<route origin="0" destination="1" path="seg___8_7,seg___7_8,seg___6_7,seg___6_5,seg___6_4,seg___5_3,seg___4_3,seg___3_4,seg___3_5,seg___3_6,seg___3_7,seg___2_8,seg___1_7,seg___0_6"/>-->
<!--		-->
<!--		<route origin="1" destination="0" path="seg___1_5,seg___1_4,seg___1_3,seg___2_2,seg___3_1,seg___4_1,seg___5_1,seg___6_1,seg___7_2,seg___8_3,seg___8_4,seg___8_5,seg___9_6"/>-->
<!--		<route origin="1" destination="2" path="seg___1_5,seg___1_4,seg___1_3,seg___2_2,seg___3_1,seg___4_1,seg___5_1,seg___6_1,seg___7_2,seg___8_3,seg___8_4,seg___8_5,seg___8_6,seg___8_7,seg___7_8,seg___6_8"/>-->
<!--		<route origin="1" destination="3" path="seg___1_5,seg___1_4,seg___1_3,seg___2_2,seg___3_1,seg___4_1,seg___5_1,seg___6_1,seg___7_2,seg___8_3,seg___8_4,seg___8_5,seg___8_6,seg___8_7,seg___7_8,seg___6_7,seg___6_5,seg___6_4,seg___5_3,seg___4_3,seg___3_4,seg___3_5,seg___3_6,seg___3_7,seg___2_8"/>-->
<!--		-->
<!--		<route origin="2" destination="3" path="seg___6_7,seg___6_6,seg___6_5,seg___6_4,seg___5_3,seg___4_3,seg___3_4,seg___3_5,seg___3_6,seg___3_7,seg___2_8"/>		-->
<!--		<route origin="2" destination="1" path="seg___6_7,seg___6_6,seg___6_5,seg___6_4,seg___5_3,seg___4_3,seg___3_4,seg___3_5,seg___3_6,seg___3_7,seg___2_8,seg___1_7,seg___0_6"/>		-->
<!--		<route origin="2" destination="0" path="seg___6_7,seg___6_6,seg___6_5,seg___6_4,seg___5_3,seg___4_3,seg___3_4,seg___3_5,seg___3_6,seg___3_7,seg___2_8,seg___1_7,seg___1_6,seg___1_5,seg___1_4,seg___1_3,seg___2_2,seg___3_1,seg___4_1,seg___5_1,seg___6_1,seg___7_2,seg___8_3,seg___8_4,seg___8_5,seg___9_6"/>-->

<!--		-->
<!--		<route origin="3" destination="0" path="seg___1_7,seg___1_6,seg___1_5,seg___1_4,seg___1_3,seg___2_2,seg___3_1,seg___4_1,seg___5_1,seg___6_1,seg___7_2,seg___8_3,seg___8_4,seg___8_5,seg___9_6"/>-->
<!--		<route origin="3" destination="1" path="seg___1_7,seg___0_6"/>-->
<!--		<route origin="3" destination="2" path="seg___1_7,seg___1_6,seg___1_5,seg___1_4,seg___1_3,seg___2_2,seg___3_1,seg___4_1,seg___5_1,seg___6_1,seg___7_2,seg___8_3,seg___8_4,seg___8_5,seg___8_6,seg___8_7,seg___7_8,seg___6_8"/>-->

<!--	</routes>-->

</topology>
